ticker,assetClass,expenseRatio,price,change1,change2,secYield,yearToDate,year1,year5,year10,inception,group
VEA,International,0.07,41.28,0.1,0.24,0,14.74,20.23,9.12,0,1.17% (07/20/2007),0
VIGI,International,0.25,61.2,0.12,0.2,0,17.28,11.98,0,0,18.73% (02/25/2016),0
VXUS,International,0.11,52.06,0.18,0.35,0,15.11,20.19,7.68,0,3.68% (01/26/2011),0
VEU,International,0.11,50.15,0.18,0.36,0,15.09,20.1,7.54,1.47,2.72% (03/02/2007),0
VSS,International,0.13,107.67,0.17,0.15,0,15.5,19.61,9,0,12.24% (04/02/2009),0
VT,International,0.11,67.6,0.08,0.12,0,12.04,18.93,10.96,0,5.68% (06/24/2008),0
VWO,International,0.14,41.19,0.29,0.71,0,16.02,18.85,3.32,1.58,6.52% (03/04/2005),0
VGK,International,0.1,55.24,0.04,0.07,0,17.52,21.75,9.28,1.04,4.63% (03/04/2005),0
VPL,International,0.1,65.38,0.36,0.55,0,13.59,21.14,8.69,2.21,4.87% (03/04/2005),0
VNQI,International,0.15,55.7,-0.05,-0.08,0,12.94,8.84,7.77,0,5.68% (11/01/2010),0
VYMI,International,0.32,62.78,0.14,0.22,0,13.06,20.88,0,0,22.08% (02/25/2016),0
VCLT,Bond - Long-term Investment,0.07,92.55,0.04,0.04,0,5.8,2.89,5.37,0,7.89% (11/19/2009),1
BLV,Bond - Long-term Investment,0.07,92.18,0.08,0.09,0,5.38,-1.18,4.15,7.59,7.23% (04/03/2007),1
VNQ,Stock - Sector,0.12,81.18,-0.05,-0.06,0,0.04,-1.89,9.3,6.2,9.06% (09/23/2004),1
VDC,Stock - Sector,0.1,138.44,-0.39,-0.28,2.46,4.68,2.6,12.8,10.33,10.27% (01/26/2004),1
VPU,Stock - Sector,0.1,112.97,-0.07,-0.06,3.32,7.27,3.14,11.63,7.08,10.09% (01/26/2004),1
VGT,Stock - Sector,0.1,143.31,0.56,0.39,1.19,18.6,33.28,16.98,10.44,8.81% (01/26/2004),2
VIS,Stock - Sector,0.1,129.35,-0.01,0,1.77,9.45,23.09,16.23,7.63,9.63% (09/23/2004),2
VUG,Stock - Large-Cap Growth,0.06,127.51,0.09,0.07,1.32,15.13,20.19,14.87,8.81,8.41% (01/26/2004),2
VFH,Stock - Sector,0.1,62.9,-0.39,-0.61,1.75,6.77,34.3,17.32,1.94,3.77% (01/26/2004),2
MGK,Stock - Large-Cap Growth,0.07,100.48,0.07,0.07,1.41,16.07,21.68,15.14,0,9.28% (12/17/2007),2
VGIT,Bond - Inter-term Government,0.07,64.51,0.1,0.16,0,1.64,-2.13,1.32,0,3.02% (11/19/2009),3
VGLT,Bond - Long-term Government,0.07,75.94,0.16,0.21,0,4.44,-7.11,2.74,0,6.55% (11/19/2009),3
BIV,Bond - Inter-term Investment,0.07,84.2,0.13,0.15,0,2.61,-1.15,2.62,5.6,5.38% (04/03/2007),3
VMBS,Bond - Inter-term Government,0.07,52.54,0.05,0.09,0,1.48,-0.1,1.86,0,2.84% (11/19/2009),3
EDV,Bond - Long-term Government,0.07,114.97,0.45,0.39,0,6.48,-10.37,3.38,0,8.24% (12/06/2007),3
VCIT,Bond - Inter-term Investment,0.07,87.31,0.12,0.14,0,3.47,1.1,4.04,0,5.88% (11/19/2009),3
VCSH,Bond - Short-term Investment,0.07,79.94,0.06,0.08,0,1.83,1.13,2.3,0,3.05% (11/19/2009),3
VGSH,Bond - Short-term Government,0.07,60.73,0.03,0.05,0,0.41,-0.12,0.56,0,0.80% (11/19/2009),3
VTIP,Bond - Short-term Government,0.07,49.19,0.03,0.06,0,0.04,0.18,0,0,0.11% (10/12/2012),3
VTEB,Bond - Long-term National Muni,0.09,51.19,0.02,0.04,0,2.86,-0.82,0,0,3.05% (08/21/2015),3
VOX,Stock - Sector,0.1,89.37,-0.99,-1.09,3.5,-9.19,-3.43,10.16,4.42,8.09% (09/23/2004),3
BND,Bond - Inter-term Investment,0.05,81.47,0.07,0.09,0,2.1,-0.56,2.11,4.42,4.27% (04/03/2007),3
BNDX,International,0.12,54.04,-0.06,-0.11,0,0.08,-0.68,0,0,3.69% (05/31/2013),3
VDE,Stock - Sector,0.1,88.06,0.49,0.56,2.69,-14.68,-4.55,0.64,0.65,6.52% (09/23/2004),3
VWOB,International,0.32,79.42,0.03,0.03,0,4.76,4.51,0,0,4.70% (05/31/2013),3
BSV,Bond - Short-term Investment,0.07,79.78,0.05,0.06,0,1.16,-0.01,1.17,2.88,2.87% (04/03/2007),3
VCR,Stock - Sector,0.1,140.79,-0.14,-0.1,1.29,10.14,18.24,17.06,9.9,9.35% (01/26/2004),4
VOO,Stock - Large-Cap Blend,0.04,222.42,-0.18,-0.08,1.97,9.41,17.86,14.59,0,14.79% (09/07/2010),4
VV,Stock - Large-Cap Blend,0.06,111.22,-0.08,-0.07,1.93,9.63,18.24,14.58,7.33,8.22% (01/27/2004),4
VAW,Stock - Sector,0.1,123.02,0.04,0.03,1.76,10.38,20.98,11.69,5.95,9.03% (01/26/2004),4
VIG,Stock - Large-Cap Blend,0.08,92.39,-0.21,-0.23,1.93,9.62,13.75,12.75,7.41,7.92% (04/21/2006),4
VXF,Stock - Mid-Cap Blend,0.08,102.15,0.29,0.28,1.33,7.12,21.55,14.36,7.73,9.49% (12/27/2001),4
VB,Stock - Small-Cap Blend,0.06,135.34,0.37,0.27,1.44,5.52,19.08,14.13,7.83,9.14% (01/26/2004),4
VBK,Stock - Small-Cap Growth,0.07,145.75,0.69,0.48,0.91,9.95,18.99,12.91,7.89,8.92% (01/26/2004),4
VBR,Stock - Small-Cap Value,0.07,122.55,0.13,0.1,1.86,2.05,19.1,15,7.48,9.10% (01/26/2004),4
MGC,Stock - Large-Cap Blend,0.07,83,-0.07,-0.08,2,9.74,18.42,14.52,0,7.82% (12/17/2007),4
VHT,Stock - Sector,0.1,147.01,0.02,0.01,1.37,16.83,14.7,18.12,11.13,9.78% (01/26/2004),4
MGV,Stock - Large-Cap Value,0.07,69.26,-0.16,-0.23,2.54,4.49,15.71,14.1,0,6.45% (12/17/2007),4
VO,Stock - Mid-Cap Blend,0.06,142.73,-0.02,-0.01,1.51,9.19,17.2,14.76,7.49,9.56% (01/26/2004),4
VOT,Stock - Mid-Cap Growth,0.07,117.72,0.1,0.09,0.82,11.81,16.45,13.73,7.12,8.59% (08/17/2006),4
VTI,Stock - Large-Cap Blend,0.04,124.56,-0.05,-0.04,1.86,9.04,18.49,14.55,7.39,6.69% (05/24/2001),4
VOE,Stock - Mid-Cap Value,0.07,103.01,-0.13,-0.12,2.07,6.99,17.98,15.68,7.58,8.81% (08/17/2006),4
VYM,Stock - Large-Cap Value,0.08,77.95,-0.11,-0.14,3.09,4.49,12.73,13.64,7.08,7.53% (11/10/2006),4
VTV,Stock - Large-Cap Value,0.06,96.47,-0.2,-0.21,2.5,5.04,16.54,14.39,5.84,7.81% (01/26/2004),4